gesture,bins_mean,bins_max,bins_std,peak_freq,peak_count,change_range,rms_mean,rms_max,centroid_mean,centroid_max,spread_mean,spread_max,peak_strength_mean,peak_strength_max,duration,peak_strength_range,peak_strength_std
whistle,28.819148936170212,682,106.44576710910539,1312.5,11,682,0.041521034958930884,0.09212934225797653,2855.3460408021297,4207.281002903124,4181.855601780224,5264.403688304263,0.0508014991425737,0.14697193856109414,2.005333333333333,0.12210720365827668,0.01623740610967187
whistle,15.186170212765957,675,69.23005450694704,1289.0625,8,675,0.052106229263912646,0.13099952042102814,2982.549623117543,4305.433894460284,4267.714091495526,5279.0762648070095,0.04958970655863586,0.1424915921771943,2.005333333333333,0.11696438776588063,0.015123740007647154
whistle,20.924418604651162,671,81.35909553938983,1335.9375,8,671,0.07348582020495087,0.16394278407096863,3119.3274914380636,6021.298312645311,4171.267957205208,5408.031662402593,0.0475841156999564,0.0970799638941792,1.8346666666666667,0.07994595365446473,0.011517960226559498
whistle,14.929347826086957,652,85.2967990097741,1335.9375,3,652,0.09951799143733375,0.23761622607707977,2974.5297842548257,4101.446149871304,4219.331874140752,5311.65238601787,0.0503065053285614,0.10919819289525293,1.9626666666666666,0.08563195925884229,0.012451018036393187
whistle,16.30392156862745,700,77.96269711524893,1359.375,9,700,0.0458945145889861,0.14546500146389008,2906.4900769689166,4236.472047890586,4115.351724363177,5259.270704761811,0.049017044725581486,0.13171621913680456,2.1759999999999997,0.10663238948555837,0.013751013654854842
whistle,45.88,911,151.1573537741383,1195.3125,14,911,0.05845255087129772,0.14921200275421143,2796.955234862374,4253.1498561925155,4218.314975909512,5284.416938253577,0.05287353512400895,0.12382804105012793,2.1333333333333333,0.09748489862878797,0.01806146000908857
whistle,19.345,714,84.54481636978107,1312.5,9,714,0.046262530437670646,0.1429043561220169,2773.169556153257,4313.617355340619,4090.4552605225886,5343.206223621358,0.051963663860670015,0.11966824568132278,2.1333333333333333,0.09147303448193009,0.016789613212241247
whistle,28.197916666666668,780,103.57174644818146,1312.5,14,780,0.04497085007339289,0.1254056692123413,2852.259477500149,4152.239707346617,4147.150982995629,5406.848387010373,0.05071659562351657,0.11067857635543162,2.048,0.08336036417053577,0.013770000949875478
whistle,17.320652173913043,629,75.32026120109221,1335.9375,10,629,0.12238796386088285,0.23348695039749146,2906.458167534697,4091.463211203821,4169.443049249347,5300.38424826489,0.05146247109059451,0.11301066469652023,1.9626666666666666,0.08243377445148878,0.01347743156631666
whistle,16.617346938775512,764,78.83579877486794,1382.8125,10,764,0.0598361310406531,0.17468392848968506,2964.800780451734,6000.95023041767,4190.2217876107015,5725.947576849843,0.04922705419166744,0.1241650243512926,2.0906666666666665,0.10024058706535383,0.013914039855748994
whistle,23.904255319148938,835,112.42194163336472,1359.375,6,835,0.09669314302068124,0.20949232578277588,3013.5062374937984,6205.6041243697955,4212.523033030325,5714.490104426345,0.04966950887557992,0.10722743690126406,2.005333333333333,0.08685135457413198,0.013255304742873694
whistle,26.567708333333332,863,110.75383551935465,1359.375,9,863,0.11393575812447428,0.24896305799484253,2950.3288011056698,4100.48985837076,4154.120350386878,5377.747650409584,0.05049646571944322,0.10393476626085184,2.048,0.08496778919308728,0.013167843846842272
whistle,13.760204081632653,633,67.18644973898962,1382.8125,9,633,0.1278638733688704,0.2713102400302887,3005.8851512235265,4221.226453826008,4189.862097570211,5357.481683383164,0.04958335115779046,0.10675954778238284,2.0906666666666665,0.08047669961488037,0.01227364990183039
whistle,20.505,706,93.96967582683256,1335.9375,9,706,0.095931070887018,0.2270367294549942,2851.2162440684274,4102.106256083227,4090.4278085227193,5308.463812116409,0.05050663658998746,0.14403281144061644,2.1333333333333333,0.11671259512113888,0.01492248108129496
whistle,25.476190476190474,759,111.9336335602283,1335.9375,12,759,0.09304960389226113,0.22211144864559174,2897.5257973595617,6155.702355875026,4228.066831315576,5768.12245043309,0.052155311979811866,0.1308519206892104,2.6879999999999997,0.11553664989858957,0.015682580903411382
whistle,26.17578125,811,116.15606234588941,1429.6875,9,811,0.06803412602312164,0.222746804356575,2850.629811217694,4800.665115560487,4173.182822859111,5829.525220070106,0.052132611495242856,0.1222102563986613,2.7306666666666666,0.09544908140995724,0.016493837164354725
whistle,26.142156862745097,545,96.66935960036159,1265.625,9,545,0.08364334540195106,0.19277110695838928,2918.4957941960943,4296.210723736431,4234.148472350665,5715.273408213636,0.05241501036891714,0.13675394171740396,2.1759999999999997,0.10865715744807905,0.017320818716227173
whistle,31.286363636363635,773,111.7703603394622,1242.1875,15,773,0.10148270249641923,0.23591458797454834,2810.650907397235,4024.7882233871533,4138.291044660203,5341.897399319178,0.051736190285241776,0.1304061318396251,2.3466666666666667,0.10430806345699985,0.016012497839182613
whistle,27.83823529411765,792,118.05539705306317,1289.0625,8,792,0.10615662124473602,0.25566571950912476,2904.4351894670126,6108.4498090524685,4226.860270111756,6218.1323010962005,0.05130653221525827,0.1038510641603432,2.1759999999999997,0.0774325779449271,0.014433916164116826
whistle,20.494318181818183,683,86.57491482414436,1335.9375,8,683,0.09219962272089272,0.23295088112354279,2974.371571124123,5972.106135297277,4201.42825514931,5811.0556623366,0.04965077260361114,0.11716797917628496,1.8773333333333333,0.09962798729418534,0.012894651311285758
hum,60.060344827586206,808,181.2795654266095,515.625,21,808,0.030575338665773322,0.04115719348192215,2362.012789478957,3999.803077985497,4145.356387859296,5380.82589482725,0.049563110031130814,0.14014556223924288,2.474666666666667,0.11700082725898814,0.014651709413673258
hum,33.81985294117647,829,141.28715249024557,515.625,12,829,0.024047822799355557,0.037475865334272385,2427.2522920611764,3857.775137517017,4260.989732658818,5267.17261348434,0.0482678152808149,0.09733142575020177,2.901333333333333,0.07364124532543406,0.013457550175207424
hum,37.940625,861,149.52163171129914,515.625,19,861,0.021692746003100182,0.032456982880830765,2407.6302060865733,4236.0979817055195,4212.428938710544,5463.753286678269,0.047882899537632,0.16216078659029673,3.413333333333333,0.1375856541638716,0.014452305152068896
hum,40.72945205479452,858,149.19036780203083,515.625,23,858,0.020002823503215937,0.032746538519859314,2377.486885847943,3722.7101451753238,4217.775176803276,5271.312518335915,0.052035303323915996,0.11197452063812556,3.1146666666666665,0.0847827810536758,0.014998031184311375
hum,42.705479452054796,812,159.5014779769295,515.625,18,812,0.020495627627210463,0.031129205599427223,2432.6871848500173,3945.676304679634,4254.515157400789,5344.86675867665,0.04878131628595468,0.10584929113960162,3.1146666666666665,0.08742361283101863,0.013566869485760039
hum,38.82142857142857,887,148.02409397783586,515.625,16,887,0.01988416613312438,0.030902298167347908,2394.2073097552498,4097.962013684859,4231.386662368416,5532.691399151621,0.051507923958290035,0.12346878215788906,2.9866666666666664,0.098515916037556,0.015934333315918165
hum,45.75,862,167.31757026140986,515.625,15,862,0.02079545015638525,0.031526774168014526,2366.581615185701,3772.7754057606676,4195.467923139701,5284.9617012522685,0.04990378425714731,0.09979752749425538,2.3466666666666667,0.07755681803323822,0.013720681171091854
hum,35.495535714285715,780,144.44175166110145,515.625,12,780,0.020721642337905775,0.031423404812812805,2509.5248822586373,4019.88856720251,4331.340527853141,5344.309210633678,0.04891738318111747,0.11091718524240447,2.389333333333333,0.08704273903360907,0.012999149239512758
hum,49.55603448275862,889,169.15376691086945,539.0625,15,889,0.020273951683113158,0.032557059079408646,2464.7005712954983,6243.536676622346,4301.868255607949,6485.912744060806,0.04985551052395238,0.12438744885901123,2.474666666666667,0.10131579999324779,0.014883177303822052
hum,48.3,855,165.45697325891103,562.5,16,855,0.020632830797694623,0.029855158179998398,2480.7030992411933,4573.561623923936,4304.000082841629,5721.352808428919,0.0500243919741472,0.11469957950093211,2.3466666666666667,0.09018602177581125,0.014517488600409795
hum,45.47950819672131,774,161.32033219680028,539.0625,17,774,0.02320231413888577,0.033090926706790924,2449.4596079222847,6563.64190721717,4241.340717550511,5922.036775522105,0.04730485513787506,0.11957601412273501,2.6026666666666665,0.09765695043437134,0.013304894036242588
hum,35.5703125,862,146.2289879987971,585.9375,16,862,0.019771812892940943,0.031440369784832,2518.3584718531965,3861.888175599177,4381.600837655774,5323.836572193218,0.050347381979242115,0.11038277093729144,2.7306666666666666,0.0818329523568844,0.013460409053900276
hum,33.710144927536234,794,135.88671234794305,562.5,15,794,0.017422599385600483,0.029431013390421867,2454.6587057705915,4492.866421900831,4310.018374225727,5502.797160781241,0.051463601907108476,0.1281405785700094,2.944,0.10100334174878853,0.01563711459394717
hum,52.78515625,787,174.32863612560354,597.65625,17,787,0.019871973197950865,0.03158394247293472,2456.8441193717117,4081.8976635821437,4282.507481468758,5258.09459400532,0.05125705348206072,0.10929413171065476,2.7306666666666666,0.08753343040637618,0.014659306284001729
hum,26.633064516129032,767,121.72144973706406,609.375,12,767,0.02290801719326766,0.03272095322608948,2471.412082847742,3819.521973105385,4317.704559179104,5265.695588772535,0.04863838574523776,0.10532926613302146,2.6453333333333333,0.08115432540513547,0.012643533304461005
hum,31.91015625,876,136.70218733381915,609.375,14,876,0.021977090247673914,0.03503203019499779,2523.4469059103994,4187.011881074434,4364.112902853532,5263.446652923471,0.05042608089471237,0.125536410794616,2.7306666666666666,0.1007617856824805,0.01316027933179029
hum,50.6890243902439,816,174.14794558853322,515.625,10,816,0.028098566781320587,0.03718460723757744,2362.2541066283857,3616.1387170327844,4165.275328374043,5177.217182173157,0.05034439479478732,0.08444745299714979,1.7493333333333332,0.05735543546353183,0.013420442991670199
hum,48.40277777777778,827,173.2096775578413,515.625,14,827,0.02137244819810062,0.03003547340631485,2472.340349794499,3889.483914494101,4321.88568420144,5285.30850590738,0.051348108030486145,0.09730191448033486,2.304,0.07076028509748034,0.013410608657683764
hum,52.35576923076923,850,185.67193039322544,515.625,12,850,0.019302538719225246,0.028712445870041847,2456.101439370056,3661.3116242848087,4303.989525060144,5239.791574157187,0.05245436567928615,0.1103622990662472,2.2186666666666666,0.08222321076882275,0.015056434029077316
hum,38.723214285714285,865,155.23462713292074,515.625,14,865,0.02030196127972366,0.02865571528673172,2424.793147791313,3781.100214834734,4288.633164469954,5282.067991847295,0.0544345943252207,0.14105548681888383,2.389333333333333,0.1139690802649798,0.016940576337768704
clap,37.8375,935,125.58288535365796,539.0625,5,935,0.010542805783916264,0.26721134781837463,2900.4333612691576,6487.871982778386,4472.754231816507,6085.0316533306,0.050628702957772366,0.13193505932626853,0.8533333333333333,0.12306173978068327,0.024490181567761667
clap,40.81666666666667,933,142.23835531326358,515.625,6,933,0.01649117765482515,0.5077390074729919,3026.7793003843885,5398.542572924376,4584.9877583687285,6091.446008476008,0.050553422003663556,0.11946788194010179,0.64,0.1092019697283497,0.024367380113634603
clap,49.892857142857146,936,166.59453328488354,585.9375,3,936,0.014201398460759915,0.3694048821926117,3323.152921511268,7422.427433183222,4633.594665089589,5569.554441496249,0.04677568811889488,0.09048692197045219,0.5973333333333333,0.08489857481025041,0.02348727724991678
clap,48.75,873,152.0688577585825,597.65625,4,873,0.027997954481785808,0.7664802074432373,3695.9106233149773,7911.156396090337,4503.828462412177,5528.508789189331,0.04486695770731804,0.11123284042264273,0.512,0.1041556650911246,0.028182733381819862
clap,71.82692307692308,804,202.811367565059,597.65625,5,804,0.026452278404926453,0.6240386366844177,3164.0227634169137,6389.129516089264,4408.78387369186,6395.305371891995,0.0435765667397107,0.12019422171110347,0.5546666666666666,0.11200819492220133,0.025300188828558924
clap,38.44230769230769,930,144.0449200051496,574.21875,3,930,0.018586676858831197,0.4375569820404053,3323.1092621596417,6161.35259603314,4533.677783505966,5604.856015058987,0.04562511915828475,0.11889736142417552,0.5546666666666666,0.11010081130086703,0.02714303002585642
clap,43.38461538461539,833,136.04172915324884,597.65625,4,833,0.02477844099764927,0.5862053632736206,3471.59228253644,6575.200124169867,4591.1920609755725,5576.83785611682,0.044530638845551605,0.13243717594764223,0.5546666666666666,0.1277196910052958,0.026319832072335746
clap,77.68181818181819,835,190.11895471559052,597.65625,3,835,0.025507200535767795,0.4905993342399597,3409.7999667903305,6578.048024412972,4562.087058638856,5938.285585264732,0.04672059938525516,0.12161529899851782,0.4693333333333333,0.11561543288749829,0.024821327620848103
clap,40.94230769230769,912,138.53872181028814,550.78125,4,912,0.019469222568799384,0.5351628661155701,3268.4449861719622,6671.526789578445,4600.860208368942,6383.75694277631,0.04918410626952388,0.10753181819701624,0.5546666666666666,0.09706698882795947,0.021955295385554064
clap,62.55555555555556,937,191.31728220193753,527.34375,4,937,0.02637297483549143,0.5042906999588013,3258.5266722782494,5586.955945266822,4671.285224721425,5221.9000823948645,0.048801710119597164,0.11548118473598662,0.384,0.10755785848178383,0.026387254928533305
clap,61.425,913,199.69350108353552,562.5,3,913,0.025314454146428033,0.4994466006755829,3470.4760192055764,6070.287430338466,4630.724176541352,5944.378017682736,0.043665756412535485,0.1028398859003584,0.42666666666666664,0.09847005851418789,0.02081434926739495
clap,78.8409090909091,909,223.1755264341804,585.9375,6,909,0.020109116078608415,0.3281625509262085,3070.255925192126,5911.4592053343285,4523.326441735259,5359.040436752807,0.05397231460325591,0.15052276588190722,0.4693333333333333,0.14458220693144044,0.025416522133212778
clap,76.925,888,218.17256787919055,656.25,3,888,0.05192788255517371,0.9496397972106934,3655.194247124872,6657.013707925488,4522.102666894208,5749.9205447835,0.039684025900146136,0.11176183789844392,0.42666666666666664,0.10420071067456863,0.025185380574874402
clap,58.55,939,183.98110636693107,562.5,3,939,0.034396783314878124,0.7745305895805359,3254.4894468644234,6655.384732848813,4452.622628245685,5860.727215184659,0.05421349071455713,0.1541197293925465,0.42666666666666664,0.14955554064892254,0.0354607286058604
clap,46.15384615384615,938,167.77542047623163,574.21875,3,938,0.02036028808484284,0.3820320665836334,3242.7561284684343,6234.168457232915,4461.484617314084,5982.7015648672,0.04812076295759297,0.11656322862196764,0.5546666666666666,0.11129597723919989,0.026964436044064108
clap,45.36538461538461,921,139.25212729298357,562.5,5,921,0.025192804540543314,0.5824487209320068,3158.583144090816,6127.303082413762,4554.861818190498,5970.700119554335,0.04875584802932728,0.13282662630164005,0.5546666666666666,0.12537886995422667,0.02558386397429625
clap,56.666666666666664,925,196.16397619225492,562.5,4,925,0.029351271635581117,0.8137721419334412,3331.2266760304906,7528.89455709308,4708.46281832995,5771.26719796787,0.046667182826988805,0.08718505462651001,0.512,0.07878395746303171,0.020278756973206156
clap,52.625,863,154.74926292231572,550.78125,3,863,0.018852417456218972,0.25074973702430725,3633.925361385569,7693.227604566147,4595.404253702187,5558.39271792678,0.04535697442533276,0.11694951542202202,0.42666666666666664,0.11108390401264043,0.023537631601621513
clap,61.625,927,182.41898030358573,597.65625,3,927,0.025423007691279052,0.4179843068122864,3476.4376916765586,5505.840102059652,4586.545360973192,5960.025627976272,0.04481302519185919,0.13542127988230085,0.42666666666666664,0.12681551388909756,0.027776312155190393
clap,57.86363636363637,900,189.20150284203862,609.375,3,900,0.03038989188975062,0.5045477747917175,3617.6047669785385,6685.217046744711,4618.961978673171,5962.084925709751,0.04103303233510181,0.12562658050471565,0.4693333333333333,0.11910817342737927,0.025760014592020417
clap,63.458333333333336,939,202.04073004526145,597.65625,6,939,0.03877460067451466,0.8706276416778564,3538.8002083457636,7036.012033774645,4598.4301448997185,6313.52935645635,0.05076693184487169,0.28701844018675504,0.512,0.28286945278745623,0.04469426995935731
whistle,29.183823529411764,565,82.0937593642604,609.375,12,565,0.004788426417850561,0.054029498249292374,2602.1991551104984,4278.269958114249,4314.675450869136,5352.064180248679,0.05443352127520244,0.17633599245675946,1.4506666666666665,0.16120828982381227,0.023895242688269844
whistle,45.20161290322581,686,124.3265069081376,738.28125,11,686,0.018137003792705195,0.13461901247501373,2512.943727292628,4725.629712324569,4105.021807060376,5513.849317022469,0.056384084578914244,0.20188576691086177,1.3226666666666667,0.18537418817171059,0.028640938912410367
whistle,58.24342105263158,722,137.22254287290747,562.5,17,722,0.0043885061535739196,0.056174635887145996,2444.4241803444042,5452.425374587027,4202.670915141894,5803.566134471472,0.052697209275962775,0.09910101960800553,1.6213333333333333,0.07787824880193943,0.015443443033238191
whistle,28.273809523809526,897,119.91235402322937,1054.6875,11,897,0.013519362353170956,0.040005218237638474,2680.6311143518824,5935.90428411325,4265.925046824237,6049.111871091408,0.06364133842023531,0.3757938423557635,1.792,0.3464697763878347,0.04814858312985989
whistle,28.460526315789473,717,99.96413051288285,656.25,9,717,0.007920972870411597,0.047786954790353775,2626.4288509913954,5014.722011785394,4312.057807788182,5552.320563018185,0.058419774784529456,0.20647786866985254,1.6213333333333333,0.18335258954729688,0.029449585759419042
whistle,21.345588235294116,614,76.5059954087097,761.71875,9,614,0.016734838298254867,0.08604390174150467,2560.631018015003,4248.278876140656,4115.667498216211,5427.164559862739,0.053135298667679735,0.19687701915012362,1.4506666666666665,0.17504053301205394,0.02207046367038136
whistle,14.977272727272727,576,63.40409315592818,1171.875,10,576,0.022966214240692683,0.07501593232154846,2775.4480592584605,4149.310119544475,4219.205283812041,5377.797147127661,0.05142025165814337,0.10920253984618339,1.8773333333333333,0.09002479219057388,0.015519606483878644
whistle,21.04054054054054,727,74.26631028232828,585.9375,9,727,0.004136361115662432,0.02191164158284664,2535.6124692007584,4415.382026081212,4255.568415645843,5701.283624126515,0.053733662312718276,0.11987872413988906,1.5786666666666667,0.10274523973214579,0.019193333383823705
whistle,28.728571428571428,553,90.876512984626,1054.6875,8,553,0.011173655809501984,0.06443414837121964,2682.411306072705,4544.288062973234,4221.354949746361,5698.771193793144,0.04924698658217775,0.11504768125356934,1.4933333333333332,0.09430461375648011,0.016516103387628482
whistle,31.947674418604652,883,125.39223412282199,1054.6875,10,883,0.03014850779707262,0.08787381649017334,2604.381760953724,4619.626908774513,4177.7945474568705,5605.009639469379,0.057731237324155346,0.25456005191709724,1.8346666666666667,0.23471348232114916,0.03667879246423137
whistle,21.189393939393938,475,75.89667343847574,1078.125,8,475,0.03759471958707736,0.1452358365058899,2818.634673468454,6768.678633525582,4283.440875913993,5923.492939308838,0.050299448694191035,0.09316555315749483,1.408,0.07625139379317825,0.013485692709983716
clap,37.161764705882355,648,108.87615877604698,585.9375,4,648,0.008810636849375442,0.22625549137592316,3578.641887838469,6314.419605435127,4882.471881369186,6390.862847875286,0.04640581528226741,0.1311963204911931,0.7253333333333333,0.11425631892311101,0.020005849555568066
clap,47.22222222222222,693,125.5602137778947,562.5,6,693,0.014633719521548806,0.5378527641296387,3495.8128066507866,6637.760805594841,4749.25863644647,6639.627366240773,0.042820799082954025,0.09492897188027634,0.768,0.0813499616654154,0.017693421938900982
clap,32.92857142857143,664,91.17262351666515,539.0625,6,664,0.006917169120805781,0.18777403235435486,3141.799168026185,4794.268232260923,4634.845098585984,5956.469504772609,0.04811014676506868,0.10322383543845016,0.896,0.08891164413716345,0.0176686014329168
clap,28.15909090909091,863,95.99489645094734,515.625,9,863,0.0057329186218504965,0.07786402106285095,3451.659628716501,8000.013939482547,4879.896260544843,6909.707395997167,0.04846184675008559,0.13626460613454675,0.9386666666666666,0.12018425830169258,0.016944999609752202
clap,44.52,887,146.5077117424199,585.9375,8,887,0.007017699651187286,0.24608588218688965,3397.6525104582806,6892.1179620635085,4770.001827238567,7168.989721325285,0.05283753103896419,0.1470064211929234,1.0666666666666667,0.13687843303212707,0.028103284942850144
clap,34.06578947368421,898,117.21598771928817,562.5,5,898,0.009657543569215034,0.341741681098938,3614.4440357835133,6302.642767382395,4817.078302329617,6920.0083239498435,0.043060247927414724,0.08646585721097205,0.8106666666666666,0.07745443048483315,0.015810741948130917
clap,33.857142857142854,928,115.93431461876355,527.34375,6,928,0.01623633799109874,0.8205193877220154,3079.2471599148203,4678.893282689911,4505.2887995083,5647.72728409409,0.05133510036552164,0.18975460486742815,0.896,0.17776996256111463,0.028958030505162186
clap,31.92391304347826,934,105.67405112107826,632.8125,6,934,0.008584915898213892,0.3689311146736145,3228.3650539979913,7897.056479903276,4649.936235194989,7120.67814164604,0.049105242997252774,0.12991874766825337,0.9813333333333333,0.12206544620060844,0.01980025268246109
clap,30.045454545454547,795,99.8298449056408,562.5,5,795,0.008591545072373596,0.2445443719625473,3216.6242257276476,5189.255855544803,4658.174144018055,5747.757292872789,0.050653102672720385,0.11393495663058688,0.9386666666666666,0.09599951011344338,0.019525211706030762
clap,26.9125,404,67.68422891449676,585.9375,4,404,0.005471300096542109,0.1020742654800415,3589.1001722992487,7276.764882519928,4862.409626401481,6339.672562879637,0.04632791539849034,0.13096862502520307,0.8533333333333333,0.12142536961164649,0.018989670344323358
clap,39.07954545454545,933,129.65077407395302,562.5,7,933,0.013438630989350548,0.6953430771827698,3270.332681205162,6816.137935662317,4614.689109593558,6277.396459688275,0.0441232212865189,0.10245996742675371,0.9386666666666666,0.09162696386677364,0.016458104260906572
hum,44.098214285714285,891,167.58760820950533,515.625,6,891,0.02283174311118533,0.048888854682445526,2536.1523451858748,5531.93246471453,4419.880982273853,6217.367197699672,0.050773931902456826,0.0943675545737591,1.1946666666666665,0.07018798352920874,0.014403435017766942
hum,51.94230769230769,868,171.0070189137027,515.625,11,868,0.025921675657557968,0.051141127943992615,2436.9815097264077,4054.1119815388824,4328.363717926075,5389.813472364672,0.05562573506170883,0.10277044462881381,1.1093333333333333,0.0800398837857128,0.01617566310906118
hum,33.24242424242424,734,105.9793519921145,515.625,12,734,0.010963601898049203,0.024634968489408493,2413.433055525749,3880.195924094015,4298.686900452343,5349.758860997388,0.05243199625907166,0.13182649931494622,1.408,0.10747550288787545,0.01698192223069115
hum,44.02272727272727,861,137.1238223843299,515.625,10,861,0.010482671192386822,0.027772890403866768,2451.9486270496723,3774.7635898058247,4342.641110886112,5253.770133960846,0.0526509911063366,0.10360896176845079,1.8773333333333333,0.07392027192860157,0.01505896840818307
hum,31.84659090909091,869,132.20694130524006,515.625,8,869,0.01996508793937127,0.03387582302093506,2474.7740590026374,4351.516518837334,4375.115064831117,5767.736964024658,0.05250976679856303,0.11286538663199397,1.8773333333333333,0.08647714357092393,0.014697155181300683
hum,52.3375,825,181.1254360760796,515.625,6,825,0.01521906957932515,0.03060963936150074,2442.559939205154,4019.196379381798,4298.7584046598395,5369.564755336435,0.05409731239676461,0.15317809031676854,0.8533333333333333,0.13393779661157698,0.02177298612657895
hum,58.58,844,184.9557341636101,515.625,10,844,0.02214598948834464,0.040341489017009735,2635.1623120980657,3934.235502843098,4505.234281880204,5283.412590493655,0.0534752670319608,0.10119413618876545,1.0666666666666667,0.070454283745566,0.014480693913737006
hum,28.31547619047619,893,129.7308174590092,515.625,9,893,0.02782219519542109,0.05971227213740349,2536.2627562132375,3758.529687253489,4443.578788827985,5229.01933786889,0.05651650853274787,0.11729932783727176,1.792,0.08618290553935357,0.01623642550691929
hum,27.028846153846153,880,107.64797121339977,515.625,11,880,0.014502055450485876,0.030700789764523506,2790.8139781949935,7001.241940163207,4556.271361677035,6418.18712678778,0.05326740549018025,0.14335000548379587,2.2186666666666666,0.12643348381275143,0.01793778169001074
hum,23.28125,508,78.68538395685377,515.625,6,508,0.012227530862825612,0.034074343740940094,2481.5099065976387,3920.707746732942,4370.0352976819595,5547.897257800694,0.05795399765359017,0.13683041087009049,1.024,0.10436602568741868,0.021035391464048765
hum,40.12931034482759,803,139.74456563194977,515.625,10,803,0.017181215859981704,0.040423206984996796,2418.9311931780253,3610.822070048134,4290.848389188092,5243.560197032076,0.05795123982691865,0.1938814291312661,1.2373333333333334,0.1729324205524273,0.020920814145798515
clap,41.983333333333334,931,164.00817984343206,539.0625,4,931,0.013960047093375276,0.42163702845573425,3466.573482234594,5981.694213905447,4759.584380103829,5718.11675904503,0.04834735686123868,0.1424616178291358,0.64,0.13190961350595917,0.025552481563100575
clap,25.41304347826087,595,87.21202950704243,562.5,6,595,0.005479400400477259,0.10541955381631851,3549.3829221906226,7933.026906586658,4830.199786966645,6246.3635087476005,0.052791073821954186,0.21518701712968266,0.9813333333333333,0.20345279994281837,0.029888693756919545
clap,40.904761904761905,897,125.94137137947685,527.34375,8,897,0.0073188222290593245,0.13221557438373566,3369.0182518501547,6508.7997287860935,4843.609110126268,6519.824970558612,0.052753349387805744,0.11963183679470767,0.896,0.11303351616168221,0.0218000425126966
clap,33.325,729,118.8084356222234,609.375,4,729,0.02585825651040068,1.124534010887146,3653.8425677641994,6574.71221382005,4698.827756952471,5992.731724044711,0.047370812379304,0.1369225896405529,0.8533333333333333,0.12858465719665074,0.02182212660999557
clap,27.931818181818183,824,99.67421881657371,609.375,4,824,0.007355768269256011,0.20439916849136353,3345.766330717997,7054.029626609095,4759.448320333924,6744.714895659136,0.051873906787538004,0.12951887053375602,0.9386666666666666,0.12232310017515251,0.02084956788264042
clap,31.791666666666668,797,117.92475678961094,585.9375,4,797,0.009817506725084968,0.24800214171409607,3558.605682423986,7070.523667236525,5030.827242987833,6908.122692820886,0.05130963116176584,0.14109516330334232,0.768,0.12284250958319953,0.023579986767959502
clap,35.80882352941177,917,120.06276022453243,562.5,4,917,0.0118577829493648,0.23486700654029846,3769.059295583608,6339.446628137702,4953.512170804875,6955.8263188563105,0.05104489543044037,0.12535393726624294,0.7253333333333333,0.119523471651878,0.022998567013322934
clap,23.644736842105264,766,87.8407206774926,585.9375,4,766,0.006849066746470176,0.11313112825155258,3683.493431005768,6732.751738986491,5061.243394927008,7068.021228102019,0.05596862890314691,0.12369403960334911,0.8106666666666666,0.104689494814938,0.02439119735845063
clap,26.4875,804,95.60648431853355,585.9375,4,804,0.017834570644481573,0.8614345192909241,3710.101500044539,6871.2639881869045,4894.749480738671,6909.285820660782,0.051293674784687514,0.14900096713361213,0.8533333333333333,0.1416206127407247,0.025459953547315388
clap,30.619565217391305,711,99.1811958851186,539.0625,5,711,0.006475919877867336,0.16415022313594818,3811.024890704936,8173.049953046782,5171.875456516374,7368.805862049575,0.05765128979660178,0.15945177183061018,0.9813333333333333,0.1485255152254144,0.030231849817750463
clap,28.37962962962963,937,112.34781621050867,585.9375,4,937,0.009298648490113448,0.449958860874176,3756.671997768115,6936.225742613079,5068.118194611384,6973.871340175184,0.04946695732452741,0.11229143606365216,1.152,0.1046816134582931,0.018340322227279982
whistle,34.864583333333336,753,115.66254973986346,1019.53125,7,753,0.011003911825052151,0.04137131944298744,2661.2001149000844,4016.3285272835183,4205.948193276465,5239.012938708326,0.05232360792043458,0.15880938352017743,1.024,0.1390384209773593,0.019950703718795215
whistle,18.6625,570,72.06281006004414,703.125,6,570,0.017189816832251383,0.05694277584552765,2849.0578887168435,4048.126004374223,4413.2678116904235,5402.359064479197,0.05510370162187589,0.16906198880406384,0.8533333333333333,0.1455992798098427,0.0229859323423961
whistle,35.5,693,116.96691250387717,937.5,17,693,0.006268546983282532,0.02361900918185711,2490.234212390085,5565.117320299124,4057.4144259070154,6131.065003623139,0.052647315801036196,0.1760889218823791,2.474666666666667,0.15564027200934533,0.028986171344224685
whistle,33.36,658,111.78618161472374,890.625,7,658,0.023204924626043066,0.07886756956577301,2747.297341395198,4176.664160283171,4302.840190535249,5361.7687641121265,0.05399778686306317,0.1689354505667627,1.0666666666666667,0.152347493917299,0.0226424333812205
whistle,11.202702702702704,389,49.805698070230534,984.375,5,389,0.02114764097810572,0.06326466053724289,2518.6198595477617,3928.0977780817675,4046.922462394546,5315.223635612732,0.05290030171453026,0.20577087161453517,1.5786666666666667,0.18584388300823562,0.025854441499768076
whistle,27.828125,829,112.1911113189649,1359.375,6,829,0.02951047946135077,0.0669049471616745,2837.899545214378,4158.022252757404,4005.643922522267,5319.0575785878145,0.0520886752550844,0.1780456977064125,1.3653333333333333,0.1538265891796889,0.02024559192509295
whistle,37.193548387096776,597,113.86364775887576,914.0625,10,597,0.014197071329803176,0.047127995640039444,2380.339171169398,3894.9049375500545,4039.1457122700645,5246.912412524179,0.05463782379150078,0.16875274221661626,1.3226666666666667,0.141605915956107,0.02139781686324381
whistle,25.05952380952381,780,101.6495908209126,1359.375,11,780,0.013261519042619815,0.056120775640010834,2748.104536331112,4345.137419561407,4056.05661358479,5292.272104714297,0.04667577298033462,0.15948768114129536,1.792,0.14413627482864794,0.020776211639495536
whistle,18.765625,432,71.82938600154797,960.9375,6,432,0.041227265866837115,0.13625182211399078,2590.2708187446915,3892.3334171219044,4170.9101891983555,5286.608924552735,0.06449831857691879,0.26938565683615,1.3653333333333333,0.24134558238868642,0.042419146533252156
whistle,17.75,756,87.7395746202673,1125.0,6,756,0.03555064232822395,0.14023634791374207,2781.1332549928597,4631.34430816504,4258.059860532797,5458.397566379006,0.055354125219144075,0.20629385729564706,1.408,0.18261650623605585,0.028904540892692294
whistle,35.983870967741936,711,117.08061627612085,1125.0,8,711,0.05865922592478925,0.20818981528282166,2623.748075172656,4045.6318767059597,4129.18413879476,5359.821033022518,0.05676299811859477,0.2306664024145932,1.3226666666666667,0.20882332916944613,0.03041975315171012
hum,38.26,874,143.92683002136883,515.625,6,874,0.033041753465658984,0.06712024658918381,2600.220930464462,5584.206661845365,4460.797024918478,5884.850701390186,0.055095298481316994,0.09998555352335967,1.0666666666666667,0.07622983562328274,0.015132961471796113
hum,40.72727272727273,785,143.5944990773994,515.625,7,785,0.04424465334159322,0.08269323408603668,2452.9700672886856,3862.9944957142457,4332.688310348244,5309.367561371422,0.05853685761489267,0.16501546175421314,0.9386666666666666,0.14065609375810323,0.022627879103019326
hum,45.48076923076923,862,166.2845094761264,515.625,7,862,0.03287346058865436,0.057443179190158844,2589.8043789965204,5723.810953798766,4476.851424944348,5925.856858717588,0.04989202517415211,0.09251794307748416,1.1093333333333333,0.0724366159929745,0.013319746287571727
hum,21.845238095238095,713,101.60749574519576,515.625,3,713,0.02742134620313577,0.04620249569416046,2538.488126550897,3719.959829632191,4457.458297435542,5259.900062793016,0.052541214774574276,0.12903196531133254,0.896,0.09601753490473303,0.017322396684880784
hum,16.4921875,618,67.82468163555833,515.625,8,618,0.06523502501568146,0.10794802755117416,2660.8676275616576,3930.733095075802,4494.4853606032175,5362.336239936077,0.055443140225375345,0.15881520965526955,1.3653333333333333,0.13652085630986618,0.019336029935939393
hum,57.16216216216216,867,194.45141316486115,515.625,13,867,0.017477496623885945,0.03641385957598686,2622.0686640326157,5928.5751337262445,4478.849394167224,6101.649241923199,0.05496860088316391,0.1909852106366876,1.5786666666666667,0.16440394801445196,0.01977193911471712
hum,24.217105263157894,798,110.24261031226811,515.625,7,798,0.016278625868787793,0.03184153884649277,2507.247385031562,4171.759745789796,4439.279761523193,5449.064753344345,0.05608868789518782,0.10778133336442305,1.6213333333333333,0.0773059702193456,0.01601448689276023
hum,22.525,676,89.9863149317717,515.625,9,676,0.023347630733042024,0.049818240106105804,2563.358362579098,5115.889380559244,4460.438765629223,5850.117154959453,0.05405744941724407,0.09641459167170167,1.7066666666666666,0.06832830267082042,0.014934309401397753
hum,43.32692307692308,815,146.49241528723044,515.625,8,815,0.017293242046994586,0.039040692150592804,2431.2697634192227,3731.169147246654,4297.798920433707,5270.703298647178,0.05615621911485002,0.09164061189272334,1.1093333333333333,0.06967801714652869,0.0165370433119142
hum,19.0625,642,80.87423524883145,515.625,4,642,0.020388876194677625,0.04377906024456024,2538.382216431624,5185.859930298524,4437.552359402247,5637.574523435827,0.05638083280867031,0.1250209964727268,1.024,0.09901588426249071,0.017270033610543682
hum,30.883333333333333,745,114.87052010367537,515.625,9,745,0.015135562428622507,0.03409925848245621,2604.7366066043965,3830.439303080345,4511.119737399649,5294.840876249127,0.05389374039012045,0.11911375699794385,1.28,0.09132697515772766,0.015879426250217998
hum,23.901515151515152,715,100.50108244920496,515.625,7,715,0.02976068956812731,0.0716339647769928,2678.19279411865,5418.5971139012245,4553.876081728429,6182.701232681479,0.05259723987330486,0.10538751625277239,1.408,0.08911331435901125,0.013774722299180163
hum,26.41176470588235,778,121.72452448702231,515.625,6,778,0.01642678784007919,0.03937174007296562,2555.980598781328,4935.756737712453,4439.424721996791,5685.820941398546,0.05534024186840995,0.10902225129780914,1.4506666666666665,0.08281128015912914,0.01628094087539454
